Image_id,FD_boxC_artery,Vessel_Density_artery,Average_width_artery
1.png,1.2565149618351439,0.029382838950446293,5.4845152603231595
