Image_id,FD_boxC,Vessel_Density,Average_width
1.png,1.4336842888595511,0.06443088257925515,5.778520595212422
