Image_id,FD_boxC_vein,Vessel_Density_vein,Average_width_vein
1.png,1.2723960212762973,0.03386498730378578,6.511095700416089
