Name,centre_w,centre_h,radius,Scale,Scale_resolution
1.png,807,1227,802,1.7587719298245614,1758.7719298245615
